"","x"
"tBodyAcc-mean()-X",0.274347260646063
"tBodyAcc-mean()-Y",-0.0177434918458972
"tBodyAcc-mean()-Z",-0.108925032737064
"tBodyAcc-std()-X",-0.607783818968688
"tBodyAcc-std()-Y",-0.510191378479501
"tBodyAcc-std()-Z",-0.61306429934125
"tBodyAcc-mad()-X",-0.633592610907429
"tBodyAcc-mad()-Y",-0.525696539001884
"tBodyAcc-mad()-Z",-0.61498890978365
"tBodyAcc-max()-X",-0.466732370523269
"tBodyAcc-max()-Y",-0.305180462546411
"tBodyAcc-max()-Z",-0.562229619850407
"tBodyAcc-min()-X",0.525304172511095
"tBodyAcc-min()-Y",0.389536587321513
"tBodyAcc-min()-Z",0.598021923353949
"tBodyAcc-sma()",-0.552087115648893
"tBodyAcc-energy()-X",-0.825459670396252
"tBodyAcc-energy()-Y",-0.902704282327838
"tBodyAcc-energy()-Z",-0.854661759222973
"tBodyAcc-iqr()-X",-0.689161821371472
"tBodyAcc-iqr()-Y",-0.643511768623583
"tBodyAcc-iqr()-Z",-0.640685815482928
"tBodyAcc-entropy()-X",-0.100331848808134
"tBodyAcc-entropy()-Y",-0.128765122937701
"tBodyAcc-entropy()-Z",-0.157863394141636
"tBodyAcc-arCoeff()-X,1",-0.118954333677729
"tBodyAcc-arCoeff()-X,2",0.108573706261895
"tBodyAcc-arCoeff()-X,3",-0.0356994169213299
"tBodyAcc-arCoeff()-X,4",0.122000192842546
"tBodyAcc-arCoeff()-Y,1",-0.029676503537188
"tBodyAcc-arCoeff()-Y,2",0.0317237742172389
"tBodyAcc-arCoeff()-Y,3",0.155147508424199
"tBodyAcc-arCoeff()-Y,4",-0.0180767920878722
"tBodyAcc-arCoeff()-Z,1",0.00611033964754394
"tBodyAcc-arCoeff()-Z,2",0.0377291540841395
"tBodyAcc-arCoeff()-Z,3",0.034423733821314
"tBodyAcc-arCoeff()-Z,4",-0.0826692044542652
"tBodyAcc-correlation()-X,Y",-0.120308569497857
"tBodyAcc-correlation()-X,Z",-0.19774621582879
"tBodyAcc-correlation()-Y,Z",0.102198864072034
"tGravityAcc-mean()-X",0.669226222373046
"tGravityAcc-mean()-Y",0.00403879092060517
"tGravityAcc-mean()-Z",0.0921508600211059
"tGravityAcc-std()-X",-0.965207115039421
"tGravityAcc-std()-Y",-0.95440802665318
"tGravityAcc-std()-Z",-0.938900969424022
"tGravityAcc-mad()-X",-0.966017547593359
"tGravityAcc-mad()-Y",-0.955361184463938
"tGravityAcc-mad()-Z",-0.940206277312749
"tGravityAcc-max()-X",0.609058202575891
"tGravityAcc-max()-Y",-0.0103216842233446
"tGravityAcc-max()-Z",0.0967393305199664
"tGravityAcc-min()-X",0.683762046463103
"tGravityAcc-min()-Y",0.0166078634418512
"tGravityAcc-min()-Z",0.0793492718974707
"tGravityAcc-sma()",-0.0985870819600584
"tGravityAcc-energy()-X",0.446206727733547
"tGravityAcc-energy()-Y",-0.721469908539694
"tGravityAcc-energy()-Z",-0.763609232749742
"tGravityAcc-iqr()-X",-0.968239871201476
"tGravityAcc-iqr()-Y",-0.958592816013108
"tGravityAcc-iqr()-Z",-0.944775940840858
"tGravityAcc-entropy()-X",-0.674768951348029
"tGravityAcc-entropy()-Y",-0.866704392505228
"tGravityAcc-entropy()-Z",-0.669100243301527
"tGravityAcc-arCoeff()-X,1",-0.504401651936594
"tGravityAcc-arCoeff()-X,2",0.542886549905516
"tGravityAcc-arCoeff()-X,3",-0.580674458607939
"tGravityAcc-arCoeff()-X,4",0.617818193775729
"tGravityAcc-arCoeff()-Y,1",-0.343618301448707
"tGravityAcc-arCoeff()-Y,2",0.330183502639498
"tGravityAcc-arCoeff()-Y,3",-0.360744984572308
"tGravityAcc-arCoeff()-Y,4",0.408875435293201
"tGravityAcc-arCoeff()-Z,1",-0.428082912307475
"tGravityAcc-arCoeff()-Z,2",0.453367251514286
"tGravityAcc-arCoeff()-Z,3",-0.478049652346497
"tGravityAcc-arCoeff()-Z,4",0.499489809797114
"tGravityAcc-correlation()-X,Y",0.17568274446598
"tGravityAcc-correlation()-X,Z",-0.108287775463795
"tGravityAcc-correlation()-Y,Z",0.0848488415988038
"tBodyAccJerk-mean()-X",0.0789381220355816
"tBodyAccJerk-mean()-Y",0.0079481069090025
"tBodyAccJerk-mean()-Z",-0.00467469823628666
"tBodyAccJerk-std()-X",-0.63978102073413
"tBodyAccJerk-std()-Y",-0.607971599340832
"tBodyAccJerk-std()-Z",-0.762820240449202
"tBodyAccJerk-mad()-X",-0.636851832334041
"tBodyAccJerk-mad()-Y",-0.594046436674004
"tBodyAccJerk-mad()-Z",-0.756511705504896
"tBodyAccJerk-max()-X",-0.699625727365398
"tBodyAccJerk-max()-Y",-0.747833595469583
"tBodyAccJerk-max()-Z",-0.818722317836936
"tBodyAccJerk-min()-X",0.616034393890846
"tBodyAccJerk-min()-Y",0.684870159457075
"tBodyAccJerk-min()-Z",0.739588241708783
"tBodyAccJerk-sma()",-0.64699127583794
"tBodyAccJerk-energy()-X",-0.850337515970628
"tBodyAccJerk-energy()-Y",-0.827254361855015
"tBodyAccJerk-energy()-Z",-0.930710203190173
"tBodyAccJerk-iqr()-X",-0.627489707225369
"tBodyAccJerk-iqr()-Y",-0.659832855678513
"tBodyAccJerk-iqr()-Z",-0.770833756877427
"tBodyAccJerk-entropy()-X",-0.0826069359182658
"tBodyAccJerk-entropy()-Y",-0.0878825241379454
"tBodyAccJerk-entropy()-Z",-0.127330544548232
"tBodyAccJerk-arCoeff()-X,1",-0.108572863267843
"tBodyAccJerk-arCoeff()-X,2",0.169659030981525
"tBodyAccJerk-arCoeff()-X,3",0.0676044397361048
"tBodyAccJerk-arCoeff()-X,4",0.126467828047418
"tBodyAccJerk-arCoeff()-Y,1",-0.0727178062014458
"tBodyAccJerk-arCoeff()-Y,2",0.0686944741749914
"tBodyAccJerk-arCoeff()-Y,3",0.174527859893127
"tBodyAccJerk-arCoeff()-Y,4",0.3143158162243
"tBodyAccJerk-arCoeff()-Z,1",-0.0326917241350285
"tBodyAccJerk-arCoeff()-Z,2",0.0886842849822925
"tBodyAccJerk-arCoeff()-Z,3",-0.00103868688344055
"tBodyAccJerk-arCoeff()-Z,4",0.138471148717396
"tBodyAccJerk-correlation()-X,Y",-0.138122992805529
"tBodyAccJerk-correlation()-X,Z",0.00302530439893155
"tBodyAccJerk-correlation()-Y,Z",0.0803171281290155
"tBodyGyro-mean()-X",-0.0309824871713436
"tBodyGyro-mean()-Y",-0.0747194855994359
"tBodyGyro-mean()-Z",0.088357304227173
"tBodyGyro-std()-X",-0.721192598029789
"tBodyGyro-std()-Y",-0.682653506899942
"tBodyGyro-std()-Z",-0.653665674372188
"tBodyGyro-mad()-X",-0.726484836848539
"tBodyGyro-mad()-Y",-0.694534110096304
"tBodyGyro-mad()-Z",-0.667209748107764
"tBodyGyro-max()-X",-0.64548527449658
"tBodyGyro-max()-Y",-0.737977312189729
"tBodyGyro-max()-Z",-0.484188693115124
"tBodyGyro-min()-X",0.632263659095572
"tBodyGyro-min()-Y",0.734258066662152
"tBodyGyro-min()-Z",0.559247778213168
"tBodyGyro-sma()",-0.602748673125558
"tBodyGyro-energy()-X",-0.901636957062326
"tBodyGyro-energy()-Y",-0.884235450188455
"tBodyGyro-energy()-Z",-0.872984368242422
"tBodyGyro-iqr()-X",-0.729225040963895
"tBodyGyro-iqr()-Y",-0.717202660698654
"tBodyGyro-iqr()-Z",-0.720239479300788
"tBodyGyro-entropy()-X",-0.144916600805163
"tBodyGyro-entropy()-Y",-0.0992485937860931
"tBodyGyro-entropy()-Z",-0.0632542895391766
"tBodyGyro-arCoeff()-X,1",-0.222861867348975
"tBodyGyro-arCoeff()-X,2",0.147739198267393
"tBodyGyro-arCoeff()-X,3",0.128497150520195
"tBodyGyro-arCoeff()-X,4",-0.0803058186736978
"tBodyGyro-arCoeff()-Y,1",-0.204786157644309
"tBodyGyro-arCoeff()-Y,2",0.169678404244605
"tBodyGyro-arCoeff()-Y,3",-0.0424613426990677
"tBodyGyro-arCoeff()-Y,4",0.141698297542868
"tBodyGyro-arCoeff()-Z,1",-0.085098503172116
"tBodyGyro-arCoeff()-Z,2",0.0667301860927464
"tBodyGyro-arCoeff()-Z,3",-0.00792375249314584
"tBodyGyro-arCoeff()-Z,4",0.146419131220679
"tBodyGyro-correlation()-X,Y",-0.169335663346868
"tBodyGyro-correlation()-X,Z",0.0143461720708445
"tBodyGyro-correlation()-Y,Z",-0.105693035967995
"tBodyGyroJerk-mean()-X",-0.0967092754729682
"tBodyGyroJerk-mean()-Y",-0.0423181079782632
"tBodyGyroJerk-mean()-Z",-0.0548303497968374
"tBodyGyroJerk-std()-X",-0.731348533131935
"tBodyGyroJerk-std()-Y",-0.786062320321895
"tBodyGyroJerk-std()-Z",-0.739932395222129
"tBodyGyroJerk-mad()-X",-0.730002664153494
"tBodyGyroJerk-mad()-Y",-0.796578518731355
"tBodyGyroJerk-mad()-Z",-0.746637006996126
"tBodyGyroJerk-max()-X",-0.747265427689844
"tBodyGyroJerk-max()-Y",-0.809908325963061
"tBodyGyroJerk-max()-Z",-0.742689151304914
"tBodyGyroJerk-min()-X",0.760591617745632
"tBodyGyroJerk-min()-Y",0.83027549261874
"tBodyGyroJerk-min()-Z",0.799424779207836
"tBodyGyroJerk-sma()",-0.766813796605217
"tBodyGyroJerk-energy()-X",-0.916934348894223
"tBodyGyroJerk-energy()-Y",-0.939545115888378
"tBodyGyroJerk-energy()-Z",-0.919501877565938
"tBodyGyroJerk-iqr()-X",-0.737540121153577
"tBodyGyroJerk-iqr()-Y",-0.808763717176308
"tBodyGyroJerk-iqr()-Z",-0.766349715087751
"tBodyGyroJerk-entropy()-X",-0.015190658579531
"tBodyGyroJerk-entropy()-Y",0.0186689432880076
"tBodyGyroJerk-entropy()-Z",-0.0151123062176901
"tBodyGyroJerk-arCoeff()-X,1",-0.072476393634415
"tBodyGyroJerk-arCoeff()-X,2",0.0409185929438137
"tBodyGyroJerk-arCoeff()-X,3",0.159666872922338
"tBodyGyroJerk-arCoeff()-X,4",0.164731000845581
"tBodyGyroJerk-arCoeff()-Y,1",-0.162364494080083
"tBodyGyroJerk-arCoeff()-Y,2",0.200174940317975
"tBodyGyroJerk-arCoeff()-Y,3",0.0835283576270254
"tBodyGyroJerk-arCoeff()-Y,4",0.0802492405843008
"tBodyGyroJerk-arCoeff()-Z,1",-0.0286536933575332
"tBodyGyroJerk-arCoeff()-Z,2",0.052383068816264
"tBodyGyroJerk-arCoeff()-Z,3",0.0888026271256925
"tBodyGyroJerk-arCoeff()-Z,4",0.0335305237509215
"tBodyGyroJerk-correlation()-X,Y",0.036939291384175
"tBodyGyroJerk-correlation()-X,Z",0.0492723572603522
"tBodyGyroJerk-correlation()-Y,Z",-0.113625269936235
"tBodyAccMag-mean()",-0.54822165976717
"tBodyAccMag-std()",-0.591225327146546
"tBodyAccMag-mad()",-0.642655227166232
"tBodyAccMag-max()",-0.558632605228031
"tBodyAccMag-min()",-0.837828098220041
"tBodyAccMag-sma()",-0.54822165976717
"tBodyAccMag-energy()",-0.777465766425847
"tBodyAccMag-iqr()",-0.702589578546208
"tBodyAccMag-entropy()",0.132813314452206
"tBodyAccMag-arCoeff()1",-0.0695394969837687
"tBodyAccMag-arCoeff()2",0.0240420207662277
"tBodyAccMag-arCoeff()3",0.05858262032553
"tBodyAccMag-arCoeff()4",-0.0578901254381161
"tGravityAccMag-mean()",-0.54822165976717
"tGravityAccMag-std()",-0.591225327146546
"tGravityAccMag-mad()",-0.642655227166232
"tGravityAccMag-max()",-0.558632605228031
"tGravityAccMag-min()",-0.837828098220041
"tGravityAccMag-sma()",-0.54822165976717
"tGravityAccMag-energy()",-0.777465766425847
"tGravityAccMag-iqr()",-0.702589578546208
"tGravityAccMag-entropy()",0.132813314452206
"tGravityAccMag-arCoeff()1",-0.0695394969837687
"tGravityAccMag-arCoeff()2",0.0240420207662277
"tGravityAccMag-arCoeff()3",0.05858262032553
"tGravityAccMag-arCoeff()4",-0.0578901254381161
"tBodyAccJerkMag-mean()",-0.649417950650692
"tBodyAccJerkMag-std()",-0.627762945785391
"tBodyAccJerkMag-mad()",-0.646943532929861
"tBodyAccJerkMag-max()",-0.638701760021827
"tBodyAccJerkMag-min()",-0.787591449073425
"tBodyAccJerkMag-sma()",-0.649417950650692
"tBodyAccJerkMag-energy()",-0.851143395900557
"tBodyAccJerkMag-iqr()",-0.69921697627519
"tBodyAccJerkMag-entropy()",-0.0616317492433916
"tBodyAccJerkMag-arCoeff()1",0.0787587421124073
"tBodyAccJerkMag-arCoeff()2",-0.0290364285833284
"tBodyAccJerkMag-arCoeff()3",-0.0911724607428804
"tBodyAccJerkMag-arCoeff()4",-0.0416730463538826
"tBodyGyroMag-mean()",-0.60524856977632
"tBodyGyroMag-std()",-0.662533062898382
"tBodyGyroMag-mad()",-0.630193402078694
"tBodyGyroMag-max()",-0.695172383775572
"tBodyGyroMag-min()",-0.730011545895564
"tBodyGyroMag-sma()",-0.60524856977632
"tBodyGyroMag-energy()",-0.834836825445684
"tBodyGyroMag-iqr()",-0.653655028888805
"tBodyGyroMag-entropy()",0.235401959044138
"tBodyGyroMag-arCoeff()1",-0.0244571230785569
"tBodyGyroMag-arCoeff()2",-0.0692356651424385
"tBodyGyroMag-arCoeff()3",0.107610540547602
"tBodyGyroMag-arCoeff()4",-0.0544489729651971
"tBodyGyroJerkMag-mean()",-0.762137610987416
"tBodyGyroJerkMag-std()",-0.77799317279698
"tBodyGyroJerkMag-mad()",-0.792588947506114
"tBodyGyroJerkMag-max()",-0.784624704719959
"tBodyGyroJerkMag-min()",-0.802863364860258
"tBodyGyroJerkMag-sma()",-0.762137610987416
"tBodyGyroJerkMag-energy()",-0.931909308973114
"tBodyGyroJerkMag-iqr()",-0.806533411928684
"tBodyGyroJerkMag-entropy()",0.130669261885486
"tBodyGyroJerkMag-arCoeff()1",0.286483344408255
"tBodyGyroJerkMag-arCoeff()2",-0.226942639689219
"tBodyGyroJerkMag-arCoeff()3",-0.0574848482542525
"tBodyGyroJerkMag-arCoeff()4",-0.106689656521658
"fBodyAcc-mean()-X",-0.622761658493734
"fBodyAcc-mean()-Y",-0.53749328145871
"fBodyAcc-mean()-Z",-0.665033506271952
"fBodyAcc-std()-X",-0.603356276555826
"fBodyAcc-std()-Y",-0.528420009576204
"fBodyAcc-std()-Z",-0.617874813333395
"fBodyAcc-mad()-X",-0.590772247453255
"fBodyAcc-mad()-Y",-0.522201179756627
"fBodyAcc-mad()-Z",-0.632332520921891
"fBodyAcc-max()-X",-0.65154376602265
"fBodyAcc-max()-Y",-0.65808060619233
"fBodyAcc-max()-Z",-0.6356763001165
"fBodyAcc-min()-X",-0.855993019418745
"fBodyAcc-min()-Y",-0.880225566673813
"fBodyAcc-min()-Z",-0.913777010275483
"fBodyAcc-sma()",-0.555229161044815
"fBodyAcc-energy()-X",-0.825931263823377
"fBodyAcc-energy()-Y",-0.752468625264045
"fBodyAcc-energy()-Z",-0.839857719209846
"fBodyAcc-iqr()-X",-0.652568872132058
"fBodyAcc-iqr()-Y",-0.649906038978557
"fBodyAcc-iqr()-Z",-0.746767586701156
"fBodyAcc-entropy()-X",-0.200288915579336
"fBodyAcc-entropy()-Y",-0.183854707645966
"fBodyAcc-entropy()-Z",-0.204846236250567
"fBodyAcc-maxInds-X",-0.759939109518303
"fBodyAcc-maxInds-Y",-0.797313654388096
"fBodyAcc-maxInds-Z",-0.843845928996699
"fBodyAcc-meanFreq()-X",-0.2214691368263
"fBodyAcc-meanFreq()-Y",0.015400588735675
"fBodyAcc-meanFreq()-Z",0.0473098698476722
"fBodyAcc-skewness()-X",-0.135853217991138
"fBodyAcc-kurtosis()-X",-0.465003677724666
"fBodyAcc-skewness()-Y",-0.268046531941767
"fBodyAcc-kurtosis()-Y",-0.582227005482365
"fBodyAcc-skewness()-Z",-0.241171035011655
"fBodyAcc-kurtosis()-Z",-0.47953961978932
"fBodyAcc-bandsEnergy()-1,8",-0.818036094654419
"fBodyAcc-bandsEnergy()-9,16",-0.887510890695611
"fBodyAcc-bandsEnergy()-17,24",-0.858270655333126
"fBodyAcc-bandsEnergy()-25,32",-0.894101771797625
"fBodyAcc-bandsEnergy()-33,40",-0.914978953766618
"fBodyAcc-bandsEnergy()-41,48",-0.912811112066307
"fBodyAcc-bandsEnergy()-49,56",-0.946035198276046
"fBodyAcc-bandsEnergy()-57,64",-0.955802655168521
"fBodyAcc-bandsEnergy()-1,16",-0.821594785604625
"fBodyAcc-bandsEnergy()-17,32",-0.846779479853457
"fBodyAcc-bandsEnergy()-33,48",-0.914180750442373
"fBodyAcc-bandsEnergy()-49,64",-0.949309009464414
"fBodyAcc-bandsEnergy()-1,24",-0.824203169833818
"fBodyAcc-bandsEnergy()-25,48",-0.883133272385076
"fBodyAcc-bandsEnergy()-1,8.1",-0.787763224118613
"fBodyAcc-bandsEnergy()-9,16.1",-0.847368636830407
"fBodyAcc-bandsEnergy()-17,24.1",-0.860289572407185
"fBodyAcc-bandsEnergy()-25,32.1",-0.902754373244198
"fBodyAcc-bandsEnergy()-33,40.1",-0.897368801716749
"fBodyAcc-bandsEnergy()-41,48.1",-0.882704595718613
"fBodyAcc-bandsEnergy()-49,56.1",-0.902469620378678
"fBodyAcc-bandsEnergy()-57,64.1",-0.951462674819691
"fBodyAcc-bandsEnergy()-1,16.1",-0.758868807775291
"fBodyAcc-bandsEnergy()-17,32.1",-0.8368979149308
"fBodyAcc-bandsEnergy()-33,48.1",-0.880006008141197
"fBodyAcc-bandsEnergy()-49,64.1",-0.919977986946534
"fBodyAcc-bandsEnergy()-1,24.1",-0.7549929507442
"fBodyAcc-bandsEnergy()-25,48.1",-0.890747004278279
"fBodyAcc-bandsEnergy()-1,8.2",-0.857233732741213
"fBodyAcc-bandsEnergy()-9,16.2",-0.899391173398029
"fBodyAcc-bandsEnergy()-17,24.2",-0.925811181549034
"fBodyAcc-bandsEnergy()-25,32.2",-0.961894261804253
"fBodyAcc-bandsEnergy()-33,40.2",-0.963850562103214
"fBodyAcc-bandsEnergy()-41,48.2",-0.937673872739654
"fBodyAcc-bandsEnergy()-49,56.2",-0.941636653396543
"fBodyAcc-bandsEnergy()-57,64.2",-0.957863701978755
"fBodyAcc-bandsEnergy()-1,16.2",-0.853460606155306
"fBodyAcc-bandsEnergy()-17,32.2",-0.938914853717011
"fBodyAcc-bandsEnergy()-33,48.2",-0.954521835989416
"fBodyAcc-bandsEnergy()-49,64.2",-0.946014525351976
"fBodyAcc-bandsEnergy()-1,24.2",-0.843297377965599
"fBodyAcc-bandsEnergy()-25,48.2",-0.959808394165162
"fBodyAccJerk-mean()-X",-0.656713524546605
"fBodyAccJerk-mean()-Y",-0.628961179980356
"fBodyAccJerk-mean()-Z",-0.743608246170053
"fBodyAccJerk-std()-X",-0.654979816705833
"fBodyAccJerk-std()-Y",-0.612243590244114
"fBodyAccJerk-std()-Z",-0.780928428167213
"fBodyAccJerk-mad()-X",-0.594990831765785
"fBodyAccJerk-mad()-Y",-0.624021157206917
"fBodyAccJerk-mad()-Z",-0.764487260336202
"fBodyAccJerk-max()-X",-0.711609033648731
"fBodyAccJerk-max()-Y",-0.682104723953501
"fBodyAccJerk-max()-Z",-0.801159275192704
"fBodyAccJerk-min()-X",-0.882722042078124
"fBodyAccJerk-min()-Y",-0.860233763381636
"fBodyAccJerk-min()-Z",-0.884441536616856
"fBodyAccJerk-sma()",-0.620250098992747
"fBodyAccJerk-energy()-X",-0.850154122443228
"fBodyAccJerk-energy()-Y",-0.827338557560067
"fBodyAccJerk-energy()-Z",-0.930738116017043
"fBodyAccJerk-iqr()-X",-0.634120706978587
"fBodyAccJerk-iqr()-Y",-0.719893556985737
"fBodyAccJerk-iqr()-Z",-0.771494743232887
"fBodyAccJerk-entropy()-X",-0.266934403181862
"fBodyAccJerk-entropy()-Y",-0.265555351903177
"fBodyAccJerk-entropy()-Z",-0.365422543326297
"fBodyAccJerk-maxInds-X",-0.414055733566366
"fBodyAccJerk-maxInds-Y",-0.396892902223517
"fBodyAccJerk-maxInds-Z",-0.324540246625886
"fBodyAccJerk-meanFreq()-X",-0.0477062917542325
"fBodyAccJerk-meanFreq()-Y",-0.213392904926883
"fBodyAccJerk-meanFreq()-Z",-0.123828014584147
"fBodyAccJerk-skewness()-X",-0.315459909295403
"fBodyAccJerk-kurtosis()-X",-0.713192262788805
"fBodyAccJerk-skewness()-Y",-0.399771004761536
"fBodyAccJerk-kurtosis()-Y",-0.823099370133193
"fBodyAccJerk-skewness()-Z",-0.487741785527415
"fBodyAccJerk-kurtosis()-Z",-0.815881292637033
"fBodyAccJerk-bandsEnergy()-1,8",-0.867790166049472
"fBodyAccJerk-bandsEnergy()-9,16",-0.886610577630741
"fBodyAccJerk-bandsEnergy()-17,24",-0.873657339011977
"fBodyAccJerk-bandsEnergy()-25,32",-0.897512744293261
"fBodyAccJerk-bandsEnergy()-33,40",-0.921781011230935
"fBodyAccJerk-bandsEnergy()-41,48",-0.90298054491246
"fBodyAccJerk-bandsEnergy()-49,56",-0.945086711251772
"fBodyAccJerk-bandsEnergy()-57,64",-0.984548947264492
"fBodyAccJerk-bandsEnergy()-1,16",-0.86824127624315
"fBodyAccJerk-bandsEnergy()-17,32",-0.854673657378944
"fBodyAccJerk-bandsEnergy()-33,48",-0.907546665670317
"fBodyAccJerk-bandsEnergy()-49,64",-0.943050607583843
"fBodyAccJerk-bandsEnergy()-1,24",-0.846111263779328
"fBodyAccJerk-bandsEnergy()-25,48",-0.862219084822611
"fBodyAccJerk-bandsEnergy()-1,8.1",-0.834576479630323
"fBodyAccJerk-bandsEnergy()-9,16.1",-0.868761989366437
"fBodyAccJerk-bandsEnergy()-17,24.1",-0.836442771734634
"fBodyAccJerk-bandsEnergy()-25,32.1",-0.908162317713642
"fBodyAccJerk-bandsEnergy()-33,40.1",-0.915844731172172
"fBodyAccJerk-bandsEnergy()-41,48.1",-0.877044705834585
"fBodyAccJerk-bandsEnergy()-49,56.1",-0.923283022654626
"fBodyAccJerk-bandsEnergy()-57,64.1",-0.971320000632159
"fBodyAccJerk-bandsEnergy()-1,16.1",-0.842036570597375
"fBodyAccJerk-bandsEnergy()-17,32.1",-0.837360471943564
"fBodyAccJerk-bandsEnergy()-33,48.1",-0.879073946132653
"fBodyAccJerk-bandsEnergy()-49,64.1",-0.929346907479852
"fBodyAccJerk-bandsEnergy()-1,24.1",-0.813082987201659
"fBodyAccJerk-bandsEnergy()-25,48.1",-0.895721790432304
"fBodyAccJerk-bandsEnergy()-1,8.2",-0.900659270891659
"fBodyAccJerk-bandsEnergy()-9,16.2",-0.899306858802552
"fBodyAccJerk-bandsEnergy()-17,24.2",-0.931416929759977
"fBodyAccJerk-bandsEnergy()-25,32.2",-0.963375394737518
"fBodyAccJerk-bandsEnergy()-33,40.2",-0.967359407929119
"fBodyAccJerk-bandsEnergy()-41,48.2",-0.94238752017479
"fBodyAccJerk-bandsEnergy()-49,56.2",-0.932343820732984
"fBodyAccJerk-bandsEnergy()-57,64.2",-0.971368058833576
"fBodyAccJerk-bandsEnergy()-1,16.2",-0.878602779791543
"fBodyAccJerk-bandsEnergy()-17,32.2",-0.947071070800665
"fBodyAccJerk-bandsEnergy()-33,48.2",-0.957632641155889
"fBodyAccJerk-bandsEnergy()-49,64.2",-0.932524730914992
"fBodyAccJerk-bandsEnergy()-1,24.2",-0.899216849758033
"fBodyAccJerk-bandsEnergy()-25,48.2",-0.961144851382853
"fBodyGyro-mean()-X",-0.672094306818974
"fBodyGyro-mean()-Y",-0.70621663959074
"fBodyGyro-mean()-Z",-0.644192752866115
"fBodyGyro-std()-X",-0.738594816501343
"fBodyGyro-std()-Y",-0.674226934551517
"fBodyGyro-std()-Z",-0.690446312501126
"fBodyGyro-mad()-X",-0.687956742007122
"fBodyGyro-mad()-Y",-0.712145127017483
"fBodyGyro-mad()-Z",-0.640920499683918
"fBodyGyro-max()-X",-0.73545456021797
"fBodyGyro-max()-Y",-0.733671650033348
"fBodyGyro-max()-Z",-0.764204237525595
"fBodyGyro-min()-X",-0.931548457275658
"fBodyGyro-min()-Y",-0.900716098214293
"fBodyGyro-min()-Z",-0.908750956159249
"fBodyGyro-sma()",-0.660284332246048
"fBodyGyro-energy()-X",-0.915446550793456
"fBodyGyro-energy()-Y",-0.885434275295097
"fBodyGyro-energy()-Z",-0.869633116428712
"fBodyGyro-iqr()-X",-0.707326722844704
"fBodyGyro-iqr()-Y",-0.753796308535432
"fBodyGyro-iqr()-Z",-0.696860736305486
"fBodyGyro-entropy()-X",-0.0931789304228372
"fBodyGyro-entropy()-Y",-0.0467370743210457
"fBodyGyro-entropy()-Z",-0.14912590076738
"fBodyGyro-maxInds-X",-0.878855551616371
"fBodyGyro-maxInds-Y",-0.801152006298864
"fBodyGyro-maxInds-Z",-0.807862162566074
"fBodyGyro-meanFreq()-X",-0.101042702224631
"fBodyGyro-meanFreq()-Y",-0.174277577553958
"fBodyGyro-meanFreq()-Z",-0.0513928953203266
"fBodyGyro-skewness()-X",-0.176754696990741
"fBodyGyro-kurtosis()-X",-0.494010005471128
"fBodyGyro-skewness()-Y",-0.178470808803399
"fBodyGyro-kurtosis()-Y",-0.533051994016485
"fBodyGyro-skewness()-Z",-0.21364798048177
"fBodyGyro-kurtosis()-Z",-0.533094354557375
"fBodyGyro-bandsEnergy()-1,8",-0.929211084279823
"fBodyGyro-bandsEnergy()-9,16",-0.907558742847356
"fBodyGyro-bandsEnergy()-17,24",-0.920128061663657
"fBodyGyro-bandsEnergy()-25,32",-0.958904072537139
"fBodyGyro-bandsEnergy()-33,40",-0.949987460863967
"fBodyGyro-bandsEnergy()-41,48",-0.95221939789232
"fBodyGyro-bandsEnergy()-49,56",-0.964051241269152
"fBodyGyro-bandsEnergy()-57,64",-0.975361338116856
"fBodyGyro-bandsEnergy()-1,16",-0.919865699659899
"fBodyGyro-bandsEnergy()-17,32",-0.918990186549277
"fBodyGyro-bandsEnergy()-33,48",-0.945868204962958
"fBodyGyro-bandsEnergy()-49,64",-0.969055794042334
"fBodyGyro-bandsEnergy()-1,24",-0.916880710048364
"fBodyGyro-bandsEnergy()-25,48",-0.954693114347121
"fBodyGyro-bandsEnergy()-1,8.1",-0.878465042808816
"fBodyGyro-bandsEnergy()-9,16.1",-0.957397288479445
"fBodyGyro-bandsEnergy()-17,24.1",-0.959814576101447
"fBodyGyro-bandsEnergy()-25,32.1",-0.967476400834062
"fBodyGyro-bandsEnergy()-33,40.1",-0.97764929436353
"fBodyGyro-bandsEnergy()-41,48.1",-0.958081731538295
"fBodyGyro-bandsEnergy()-49,56.1",-0.952407061115302
"fBodyGyro-bandsEnergy()-57,64.1",-0.976085134578619
"fBodyGyro-bandsEnergy()-1,16.1",-0.890460317703709
"fBodyGyro-bandsEnergy()-17,32.1",-0.952559766594893
"fBodyGyro-bandsEnergy()-33,48.1",-0.97340266556054
"fBodyGyro-bandsEnergy()-49,64.1",-0.956190288305515
"fBodyGyro-bandsEnergy()-1,24.1",-0.878993883045636
"fBodyGyro-bandsEnergy()-25,48.1",-0.966813376008059
"fBodyGyro-bandsEnergy()-1,8.2",-0.899208173289766
"fBodyGyro-bandsEnergy()-9,16.2",-0.93286344807225
"fBodyGyro-bandsEnergy()-17,24.2",-0.931869942946665
"fBodyGyro-bandsEnergy()-25,32.2",-0.965562917247791
"fBodyGyro-bandsEnergy()-33,40.2",-0.971109659710652
"fBodyGyro-bandsEnergy()-41,48.2",-0.960489366972997
"fBodyGyro-bandsEnergy()-49,56.2",-0.951314358319516
"fBodyGyro-bandsEnergy()-57,64.2",-0.969396888562191
"fBodyGyro-bandsEnergy()-1,16.2",-0.881620222122505
"fBodyGyro-bandsEnergy()-17,32.2",-0.918364589839534
"fBodyGyro-bandsEnergy()-33,48.2",-0.96815066392475
"fBodyGyro-bandsEnergy()-49,64.2",-0.959176242468754
"fBodyGyro-bandsEnergy()-1,24.2",-0.8730243443739
"fBodyGyro-bandsEnergy()-25,48.2",-0.966367704040198
"fBodyAccMag-mean()",-0.585962696268539
"fBodyAccMag-std()",-0.659531216655476
"fBodyAccMag-mad()",-0.596119713735426
"fBodyAccMag-max()",-0.756505645907433
"fBodyAccMag-min()",-0.890588103055316
"fBodyAccMag-sma()",-0.585962696268539
"fBodyAccMag-energy()",-0.821867375904587
"fBodyAccMag-iqr()",-0.694915906166169
"fBodyAccMag-entropy()",-0.190127927670803
"fBodyAccMag-maxInds",-0.752577250182154
"fBodyAccMag-meanFreq()",0.0768760112631957
"fBodyAccMag-skewness()",-0.352429109413769
"fBodyAccMag-kurtosis()",-0.632129027088649
"fBodyBodyAccJerkMag-mean()",-0.620789916331592
"fBodyBodyAccJerkMag-std()",-0.640076803144351
"fBodyBodyAccJerkMag-mad()",-0.614293255936873
"fBodyBodyAccJerkMag-max()",-0.682695734240631
"fBodyBodyAccJerkMag-min()",-0.803308386604057
"fBodyBodyAccJerkMag-sma()",-0.620789916331592
"fBodyBodyAccJerkMag-energy()",-0.840996482490485
"fBodyBodyAccJerkMag-iqr()",-0.676629000973868
"fBodyBodyAccJerkMag-entropy()",-0.338469345900311
"fBodyBodyAccJerkMag-maxInds",-0.877799815764443
"fBodyBodyAccJerkMag-meanFreq()",0.173219742700723
"fBodyBodyAccJerkMag-skewness()",-0.298597798027438
"fBodyBodyAccJerkMag-kurtosis()",-0.601659034124411
"fBodyBodyGyroMag-mean()",-0.697411069729937
"fBodyBodyGyroMag-std()",-0.699976372277643
"fBodyBodyGyroMag-mad()",-0.681013664076159
"fBodyBodyGyroMag-max()",-0.734623485951375
"fBodyBodyGyroMag-min()",-0.888701277621274
"fBodyBodyGyroMag-sma()",-0.697411069729937
"fBodyBodyGyroMag-energy()",-0.881301212126721
"fBodyBodyGyroMag-iqr()",-0.722124967767466
"fBodyBodyGyroMag-entropy()",-0.0762786849505127
"fBodyBodyGyroMag-maxInds",-0.886999236088164
"fBodyBodyGyroMag-meanFreq()",-0.0415636227771787
"fBodyBodyGyroMag-skewness()",-0.2642790290978
"fBodyBodyGyroMag-kurtosis()",-0.575866316443354
"fBodyBodyGyroJerkMag-mean()",-0.779767633083527
"fBodyBodyGyroJerkMag-std()",-0.792190209274884
"fBodyBodyGyroJerkMag-mad()",-0.773403657796535
"fBodyBodyGyroJerkMag-max()",-0.809934371803816
"fBodyBodyGyroJerkMag-min()",-0.871201213209098
"fBodyBodyGyroJerkMag-sma()",-0.779767633083527
"fBodyBodyGyroJerkMag-energy()",-0.937898377778435
"fBodyBodyGyroJerkMag-iqr()",-0.772714631795845
"fBodyBodyGyroJerkMag-entropy()",-0.2743387562279
"fBodyBodyGyroJerkMag-maxInds",-0.900033443405573
"fBodyBodyGyroJerkMag-meanFreq()",0.126707820497791
"fBodyBodyGyroJerkMag-skewness()",-0.298591856415743
"fBodyBodyGyroJerkMag-kurtosis()",-0.617700064090993
"angle(tBodyAccMean,gravity)",0.00770513730366637
"angle(tBodyAccJerkMean),gravityMean)",0.00264770963963395
"angle(tBodyGyroMean,gravityMean)",0.0176831301958708
"angle(tBodyGyroJerkMean,gravityMean)",-0.00921912899702262
"angle(X,gravityMean)",-0.496522166185746
"angle(Y,gravityMean)",0.0632551738495058
"angle(Z,gravityMean)",-0.0542842821505305
"total_acc_x_1",0.80696943970188
"total_acc_x_2",0.807249913430615
"total_acc_x_3",0.807898415734026
"total_acc_x_4",0.808850962156627
"total_acc_x_5",0.809522675038665
"total_acc_x_6",0.8095796118816
"total_acc_x_7",0.808869589774434
"total_acc_x_8",0.808493231294296
"total_acc_x_9",0.809167221961062
"total_acc_x_10",0.809681597668896
"total_acc_x_11",0.810243635322362
"total_acc_x_12",0.811252747338907
"total_acc_x_13",0.812167121959491
"total_acc_x_14",0.8125101978204
"total_acc_x_15",0.811787735155952
"total_acc_x_16",0.81077402607686
"total_acc_x_17",0.809076852815671
"total_acc_x_18",0.807035825184372
"total_acc_x_19",0.806383548064093
"total_acc_x_20",0.806262063305757
"total_acc_x_21",0.806906576581163
"total_acc_x_22",0.807870685409312
"total_acc_x_23",0.807817531964967
"total_acc_x_24",0.808120324309951
"total_acc_x_25",0.808055589456925
"total_acc_x_26",0.807565718338784
"total_acc_x_27",0.807918175910948
"total_acc_x_28",0.807845968746801
"total_acc_x_29",0.80777208885988
"total_acc_x_30",0.808145831390115
"total_acc_x_31",0.80768266529783
"total_acc_x_32",0.806564804169281
"total_acc_x_33",0.806413331711092
"total_acc_x_34",0.808026009834965
"total_acc_x_35",0.809578200396563
"total_acc_x_36",0.810056441972356
"total_acc_x_37",0.809884454274021
"total_acc_x_38",0.809347616724978
"total_acc_x_39",0.809676635486222
"total_acc_x_40",0.810271181415953
"total_acc_x_41",0.81001690834682
"total_acc_x_42",0.809498389446004
"total_acc_x_43",0.808984201523536
"total_acc_x_44",0.808500526704447
"total_acc_x_45",0.807451240493347
"total_acc_x_46",0.806697808621963
"total_acc_x_47",0.807332508057967
"total_acc_x_48",0.807182832229319
"total_acc_x_49",0.806133912073114
"total_acc_x_50",0.806425064037909
"total_acc_x_51",0.807732440358307
"total_acc_x_52",0.808883617651588
"total_acc_x_53",0.809209457725391
"total_acc_x_54",0.808823865701992
"total_acc_x_55",0.808850748757959
"total_acc_x_56",0.809327169483629
"total_acc_x_57",0.809824207347373
"total_acc_x_58",0.810166220976737
"total_acc_x_59",0.809635208222507
"total_acc_x_60",0.808745148241519
"total_acc_x_61",0.808215278800165
"total_acc_x_62",0.807645160005214
"total_acc_x_63",0.807646282536272
"total_acc_x_64",0.808384274069482
"total_acc_x_65",0.808672425509531
"total_acc_x_66",0.808441774138023
"total_acc_x_67",0.808332893493604
"total_acc_x_68",0.808295122349063
"total_acc_x_69",0.808371747937986
"total_acc_x_70",0.808249770528391
"total_acc_x_71",0.807130555072114
"total_acc_x_72",0.806248935432168
"total_acc_x_73",0.806355106159217
"total_acc_x_74",0.806162876783946
"total_acc_x_75",0.806014425577241
"total_acc_x_76",0.806253907006632
"total_acc_x_77",0.80664172198396
"total_acc_x_78",0.806871517482911
"total_acc_x_79",0.80621971897744
"total_acc_x_80",0.805614300998299
"total_acc_x_81",0.805204364726779
"total_acc_x_82",0.805170219420318
"total_acc_x_83",0.806064393737873
"total_acc_x_84",0.806505139701523
"total_acc_x_85",0.807505447898612
"total_acc_x_86",0.809271176075007
"total_acc_x_87",0.809876593210516
"total_acc_x_88",0.810312095729041
"total_acc_x_89",0.810816342282888
"total_acc_x_90",0.811310101585051
"total_acc_x_91",0.812022832395199
"total_acc_x_92",0.811826917388999
"total_acc_x_93",0.811388279043587
"total_acc_x_94",0.810924528656742
"total_acc_x_95",0.809549954867691
"total_acc_x_96",0.807609091355302
"total_acc_x_97",0.806662233751106
"total_acc_x_98",0.807855717971483
"total_acc_x_99",0.808954337777677
"total_acc_x_100",0.80889159395284
"total_acc_x_101",0.808660069927483
"total_acc_x_102",0.807630338525017
"total_acc_x_103",0.806747028831022
"total_acc_x_104",0.806695572741808
"total_acc_x_105",0.806345030251325
"total_acc_x_106",0.805732748731857
"total_acc_x_107",0.805352731240519
"total_acc_x_108",0.804946261931168
"total_acc_x_109",0.804027002739128
"total_acc_x_110",0.804370174525289
"total_acc_x_111",0.806382902616497
"total_acc_x_112",0.806734190882295
"total_acc_x_113",0.805958036289504
"total_acc_x_114",0.806856776258513
"total_acc_x_115",0.808652559516963
"total_acc_x_116",0.809810102062487
"total_acc_x_117",0.809689597961987
"total_acc_x_118",0.808960098708983
"total_acc_x_119",0.809306618574058
"total_acc_x_120",0.810542484900757
"total_acc_x_121",0.811494228373687
"total_acc_x_122",0.81185588603548
"total_acc_x_123",0.811174052203806
"total_acc_x_124",0.809966597670298
"total_acc_x_125",0.809362318864696
"total_acc_x_126",0.808947489931576
"total_acc_x_127",0.808787373761343
"total_acc_x_128",0.809057105004903
"total_acc_y_1",0.0214022309727352
"total_acc_y_2",0.0211635940227818
"total_acc_y_3",0.0208509556228061
"total_acc_y_4",0.0208493551548306
"total_acc_y_5",0.0212094991154141
"total_acc_y_6",0.0215173031637945
"total_acc_y_7",0.0219056478001127
"total_acc_y_8",0.0215061860150121
"total_acc_y_9",0.0209069866007632
"total_acc_y_10",0.020427976461908
"total_acc_y_11",0.0199943209373726
"total_acc_y_12",0.0203457227330692
"total_acc_y_13",0.0200971399144431
"total_acc_y_14",0.0190627932459482
"total_acc_y_15",0.0188320796655539
"total_acc_y_16",0.019506872259898
"total_acc_y_17",0.0206558118869861
"total_acc_y_18",0.0212811253082115
"total_acc_y_19",0.0210860107991912
"total_acc_y_20",0.0208953106218736
"total_acc_y_21",0.0206386890613749
"total_acc_y_22",0.0203888700049519
"total_acc_y_23",0.0205800709515332
"total_acc_y_24",0.0210144811244839
"total_acc_y_25",0.0215760346243664
"total_acc_y_26",0.0220085979636169
"total_acc_y_27",0.0218322623069191
"total_acc_y_28",0.0211216806139916
"total_acc_y_29",0.0205668808938674
"total_acc_y_30",0.0208882818752927
"total_acc_y_31",0.0215945159763569
"total_acc_y_32",0.0218806065812889
"total_acc_y_33",0.0218747841072298
"total_acc_y_34",0.0215888576650869
"total_acc_y_35",0.0212782978526304
"total_acc_y_36",0.0212635711674811
"total_acc_y_37",0.0215659649948917
"total_acc_y_38",0.0221704235623847
"total_acc_y_39",0.0222778207832304
"total_acc_y_40",0.0222332640948209
"total_acc_y_41",0.0229387787086164
"total_acc_y_42",0.0236973152373929
"total_acc_y_43",0.0238603641526595
"total_acc_y_44",0.0236049429985222
"total_acc_y_45",0.0243432298229246
"total_acc_y_46",0.0255612597657054
"total_acc_y_47",0.0249788497295388
"total_acc_y_48",0.0242188877363647
"total_acc_y_49",0.0242080783143529
"total_acc_y_50",0.023577044053511
"total_acc_y_51",0.0232038189811788
"total_acc_y_52",0.0229363497117963
"total_acc_y_53",0.0219567373870167
"total_acc_y_54",0.021335697884081
"total_acc_y_55",0.0215792091459608
"total_acc_y_56",0.0219322549248111
"total_acc_y_57",0.0223008779530954
"total_acc_y_58",0.0227016546318769
"total_acc_y_59",0.0222709293393575
"total_acc_y_60",0.0219608397911158
"total_acc_y_61",0.0221107023853811
"total_acc_y_62",0.0214835209281328
"total_acc_y_63",0.0207779532205527
"total_acc_y_64",0.0199226494950937
"total_acc_y_65",0.0193171566941062
"total_acc_y_66",0.0196657415143829
"total_acc_y_67",0.0197886498528673
"total_acc_y_68",0.0200870361421594
"total_acc_y_69",0.0204789406601563
"total_acc_y_70",0.0209455950484047
"total_acc_y_71",0.0218940110808779
"total_acc_y_72",0.0219567040721342
"total_acc_y_73",0.0216918879828779
"total_acc_y_74",0.0214371859671327
"total_acc_y_75",0.0212253137127974
"total_acc_y_76",0.0219713525521895
"total_acc_y_77",0.0220051847032566
"total_acc_y_78",0.0212338548634003
"total_acc_y_79",0.021066527626054
"total_acc_y_80",0.0213167166776279
"total_acc_y_81",0.0220165509113312
"total_acc_y_82",0.0223424575584969
"total_acc_y_83",0.0221549196784707
"total_acc_y_84",0.0220619516634019
"total_acc_y_85",0.0214701937754452
"total_acc_y_86",0.0210249567494029
"total_acc_y_87",0.0213316516440373
"total_acc_y_88",0.0217836769411263
"total_acc_y_89",0.0222982752954025
"total_acc_y_90",0.0223786383308564
"total_acc_y_91",0.021658232303812
"total_acc_y_92",0.0208780956126808
"total_acc_y_93",0.0207788001286766
"total_acc_y_94",0.0214385625859054
"total_acc_y_95",0.0221397090778804
"total_acc_y_96",0.0224312456164476
"total_acc_y_97",0.0222585280556714
"total_acc_y_98",0.0214376496904059
"total_acc_y_99",0.0207072663873425
"total_acc_y_100",0.0206627341036448
"total_acc_y_101",0.021332848863413
"total_acc_y_102",0.0225637833282358
"total_acc_y_103",0.0229811774806175
"total_acc_y_104",0.0227398883748966
"total_acc_y_105",0.0231154910746461
"total_acc_y_106",0.0234682592263238
"total_acc_y_107",0.0232861014026643
"total_acc_y_108",0.0230239973093999
"total_acc_y_109",0.0238647757809982
"total_acc_y_110",0.0251640160159821
"total_acc_y_111",0.0247459267609205
"total_acc_y_112",0.0240766706790096
"total_acc_y_113",0.0240784258646267
"total_acc_y_114",0.0236062759296854
"total_acc_y_115",0.0232711254518011
"total_acc_y_116",0.022623754174313
"total_acc_y_117",0.021382039495804
"total_acc_y_118",0.0208621994449995
"total_acc_y_119",0.0211685298597194
"total_acc_y_120",0.0214996601936761
"total_acc_y_121",0.0217907562889698
"total_acc_y_122",0.0222663600293427
"total_acc_y_123",0.0221281584604858
"total_acc_y_124",0.0217382753843142
"total_acc_y_125",0.021520166812708
"total_acc_y_126",0.0206310436877794
"total_acc_y_127",0.0198769500022829
"total_acc_y_128",0.0193462752558375
"total_acc_z_1",0.0873277791368881
"total_acc_z_2",0.0870222439040499
"total_acc_z_3",0.0872691579546898
"total_acc_z_4",0.0874798131061734
"total_acc_z_5",0.0875392205703018
"total_acc_z_6",0.0882196232749166
"total_acc_z_7",0.0885601022804702
"total_acc_z_8",0.0883603960169502
"total_acc_z_9",0.0880570483116361
"total_acc_z_10",0.0877166294659229
"total_acc_z_11",0.0878832428449044
"total_acc_z_12",0.0882661101539994
"total_acc_z_13",0.0883611571416691
"total_acc_z_14",0.0880800638631285
"total_acc_z_15",0.0873966865458112
"total_acc_z_16",0.0871063239898971
"total_acc_z_17",0.0870453596857209
"total_acc_z_18",0.0867517613696959
"total_acc_z_19",0.0864247330513545
"total_acc_z_20",0.0857115243824264
"total_acc_z_21",0.0852636003659792
"total_acc_z_22",0.0849376614318415
"total_acc_z_23",0.0843558760952024
"total_acc_z_24",0.0843502179631964
"total_acc_z_25",0.0839867966287012
"total_acc_z_26",0.0837949311729683
"total_acc_z_27",0.0845386579046762
"total_acc_z_28",0.0843359962767697
"total_acc_z_29",0.0834524885037528
"total_acc_z_30",0.0830666375079105
"total_acc_z_31",0.0834046060834829
"total_acc_z_32",0.084016398685226
"total_acc_z_33",0.0839086870625896
"total_acc_z_34",0.0835499000917118
"total_acc_z_35",0.0830860992457277
"total_acc_z_36",0.0828622593797903
"total_acc_z_37",0.0833741625422565
"total_acc_z_38",0.0834134625598437
"total_acc_z_39",0.0829178472520449
"total_acc_z_40",0.082302233295485
"total_acc_z_41",0.0822422820900476
"total_acc_z_42",0.0833295598529352
"total_acc_z_43",0.0839378284163711
"total_acc_z_44",0.0840391530500155
"total_acc_z_45",0.0840741027793436
"total_acc_z_46",0.0832671316250264
"total_acc_z_47",0.0826624388597116
"total_acc_z_48",0.0828237513273619
"total_acc_z_49",0.0831076175995815
"total_acc_z_50",0.0832388286774386
"total_acc_z_51",0.0832171627017536
"total_acc_z_52",0.0829108914741344
"total_acc_z_53",0.0826023169186883
"total_acc_z_54",0.083359763150601
"total_acc_z_55",0.0847402453798835
"total_acc_z_56",0.0859734308499087
"total_acc_z_57",0.0861420510020536
"total_acc_z_58",0.0850826205230877
"total_acc_z_59",0.0852380011809059
"total_acc_z_60",0.0859577912051607
"total_acc_z_61",0.0860672595783862
"total_acc_z_62",0.0865029637798118
"total_acc_z_63",0.0863175859577354
"total_acc_z_64",0.0860616212789339
"total_acc_z_65",0.0860478874143907
"total_acc_z_66",0.0856607260732702
"total_acc_z_67",0.0859358541774007
"total_acc_z_68",0.0862093838111642
"total_acc_z_69",0.0860664898257635
"total_acc_z_70",0.0860741166555419
"total_acc_z_71",0.0860280909861019
"total_acc_z_72",0.0860485418563113
"total_acc_z_73",0.0858555702675658
"total_acc_z_74",0.0856839763414807
"total_acc_z_75",0.0860200652507496
"total_acc_z_76",0.086331625871338
"total_acc_z_77",0.0864332116368577
"total_acc_z_78",0.0862667025985494
"total_acc_z_79",0.086062479512643
"total_acc_z_80",0.0863511270801971
"total_acc_z_81",0.0863688747564463
"total_acc_z_82",0.085858992349024
"total_acc_z_83",0.0854671881120322
"total_acc_z_84",0.0851602050823002
"total_acc_z_85",0.0851195210502204
"total_acc_z_86",0.0847583651849321
"total_acc_z_87",0.0840833986393427
"total_acc_z_88",0.0839297053268745
"total_acc_z_89",0.0832338380748416
"total_acc_z_90",0.0827401629201185
"total_acc_z_91",0.0834299217919604
"total_acc_z_92",0.0833895899278717
"total_acc_z_93",0.082743460193946
"total_acc_z_94",0.0827390920174631
"total_acc_z_95",0.0833523703602573
"total_acc_z_96",0.0839785016279835
"total_acc_z_97",0.0837611798165074
"total_acc_z_98",0.0832323927101214
"total_acc_z_99",0.0829165421240751
"total_acc_z_100",0.0830433585017817
"total_acc_z_101",0.0838087375965337
"total_acc_z_102",0.0841256401618536
"total_acc_z_103",0.0838606092739363
"total_acc_z_104",0.0835424026975726
"total_acc_z_105",0.0834342200211768
"total_acc_z_106",0.0838904400008768
"total_acc_z_107",0.0843249346247603
"total_acc_z_108",0.0846114794699083
"total_acc_z_109",0.0844423463813438
"total_acc_z_110",0.0834590309722834
"total_acc_z_111",0.0828025610076774
"total_acc_z_112",0.0828640457349354
"total_acc_z_113",0.0834521559244965
"total_acc_z_114",0.0840756669436974
"total_acc_z_115",0.0838993766168424
"total_acc_z_116",0.0833203433175755
"total_acc_z_117",0.0833239980346326
"total_acc_z_118",0.0841649714374735
"total_acc_z_119",0.084956484799767
"total_acc_z_120",0.0853599805485494
"total_acc_z_121",0.0849880196159559
"total_acc_z_122",0.0838865460290397
"total_acc_z_123",0.083955525827324
"total_acc_z_124",0.0844852236863987
"total_acc_z_125",0.084572088809263
"total_acc_z_126",0.0848985882719761
"total_acc_z_127",0.0845703300018808
"total_acc_z_128",0.0844543487845655
"body_acc_x_1",-0.00412825462692217
"body_acc_x_2",-0.00379588181380087
"body_acc_x_3",-0.00309545853549564
"body_acc_x_4",-0.00209092654574961
"body_acc_x_5",-0.00136719370757511
"body_acc_x_6",-0.00125824326910068
"body_acc_x_7",-0.00191632533461685
"body_acc_x_8",-0.00224086798056996
"body_acc_x_9",-0.00151521594614234
"body_acc_x_10",-0.000949384160604233
"body_acc_x_11",-0.000336150284427818
"body_acc_x_12",0.000723808281200214
"body_acc_x_13",0.00168855100341792
"body_acc_x_14",0.002081359160953
"body_acc_x_15",0.00140781139521998
"body_acc_x_16",0.000442047163269492
"body_acc_x_17",-0.00120825528662278
"body_acc_x_18",-0.00320350963768317
"body_acc_x_19",-0.0038110483203219
"body_acc_x_20",-0.00388871032814225
"body_acc_x_21",-0.00320115382196888
"body_acc_x_22",-0.00219466367471523
"body_acc_x_23",-0.00220601684533662
"body_acc_x_24",-0.00186197607271123
"body_acc_x_25",-0.00188596726388391
"body_acc_x_26",-0.00233557797113114
"body_acc_x_27",-0.00194330880281736
"body_acc_x_28",-0.0019761243198414
"body_acc_x_29",-0.00201100439236655
"body_acc_x_30",-0.00159864283871706
"body_acc_x_31",-0.00202353561450655
"body_acc_x_32",-0.00310345228179177
"body_acc_x_33",-0.00321726868565113
"body_acc_x_34",-0.00156714728470724
"body_acc_x_35",2.22955168246433e-05
"body_acc_x_36",0.000537555174556695
"body_acc_x_37",0.00040226692194951
"body_acc_x_38",-9.8289517864113e-05
"body_acc_x_39",0.000266516366343655
"body_acc_x_40",0.000896279494070978
"body_acc_x_41",0.000676576589286125
"body_acc_x_42",0.000191897770017089
"body_acc_x_43",-0.000289249973959317
"body_acc_x_44",-0.000740699126764734
"body_acc_x_45",-0.00175858028002947
"body_acc_x_46",-0.00248139334583075
"body_acc_x_47",-0.00181678214219166
"body_acc_x_48",-0.00193718151387378
"body_acc_x_49",-0.00295737795064958
"body_acc_x_50",-0.00263798233727564
"body_acc_x_51",-0.00130274139674415
"body_acc_x_52",-0.000124050643866735
"body_acc_x_53",0.000228963942632974
"body_acc_x_54",-0.000129845463024478
"body_acc_x_55",-7.66127011303037e-05
"body_acc_x_56",0.0004256796107264
"body_acc_x_57",0.00094807161056388
"body_acc_x_58",0.00131484464613417
"body_acc_x_59",0.000807922154394543
"body_acc_x_60",-5.87781843799582e-05
"body_acc_x_61",-0.00056604249362006
"body_acc_x_62",-0.00111431355436139
"body_acc_x_63",-0.00109206187733222
"body_acc_x_64",-0.000333618567715701
"body_acc_x_65",-2.56643143827847e-05
"body_acc_x_66",-0.000237149411465696
"body_acc_x_67",-0.000327503972686436
"body_acc_x_68",-0.000347367196517546
"body_acc_x_69",-0.000253456530908253
"body_acc_x_70",-0.000358747594295747
"body_acc_x_71",-0.0014618597067957
"body_acc_x_72",-0.00232790201669007
"body_acc_x_73",-0.00220659666290028
"body_acc_x_74",-0.00238403599984105
"body_acc_x_75",-0.0025179352897151
"body_acc_x_76",-0.00226403491871949
"body_acc_x_77",-0.00186184639823272
"body_acc_x_78",-0.00161765023936159
"body_acc_x_79",-0.00225496709445542
"body_acc_x_80",-0.00284576613930357
"body_acc_x_81",-0.00324085998015516
"body_acc_x_82",-0.00325984666487348
"body_acc_x_83",-0.00235010038739269
"body_acc_x_84",-0.00189330182781338
"body_acc_x_85",-0.000876432781525148
"body_acc_x_86",0.000906346833327294
"body_acc_x_87",0.00152923290881455
"body_acc_x_88",0.0019824739902376
"body_acc_x_89",0.00250458477004142
"body_acc_x_90",0.00301615345236367
"body_acc_x_91",0.00374645322252257
"body_acc_x_92",0.00356766423284187
"body_acc_x_93",0.00314551421049587
"body_acc_x_94",0.00269743406368026
"body_acc_x_95",0.00133760245460404
"body_acc_x_96",-0.00058952364544114
"body_acc_x_97",-0.00152364347118827
"body_acc_x_98",-0.000318337176184086
"body_acc_x_99",0.000791252879956986
"body_acc_x_100",0.000738655430137819
"body_acc_x_101",0.000516457215035926
"body_acc_x_102",-0.000504766517208515
"body_acc_x_103",-0.00138034169099492
"body_acc_x_104",-0.00142476310386863
"body_acc_x_105",-0.00176886133102449
"body_acc_x_106",-0.00237518614156044
"body_acc_x_107",-0.00274961080421662
"body_acc_x_108",-0.00315069866265676
"body_acc_x_109",-0.00406463875778731
"body_acc_x_110",-0.00371604137681541
"body_acc_x_111",-0.00169761485505145
"body_acc_x_112",-0.00134025620619275
"body_acc_x_113",-0.00210990836685698
"body_acc_x_114",-0.00120420750336701
"body_acc_x_115",0.000599021481362559
"body_acc_x_116",0.00176443980332134
"body_acc_x_117",0.00165215436543791
"body_acc_x_118",0.00093108381542877
"body_acc_x_119",0.00128613942570227
"body_acc_x_120",0.00253054297651821
"body_acc_x_121",0.00349070867035056
"body_acc_x_122",0.00386049888770325
"body_acc_x_123",0.0031863280906636
"body_acc_x_124",0.00198590998571597
"body_acc_x_125",0.00138794209201204
"body_acc_x_126",0.000978630897647053
"body_acc_x_127",0.000823220454046558
"body_acc_x_128",0.00109684105788776
"body_acc_y_1",0.000280071008009904
"body_acc_y_2",-3.73384508136704e-06
"body_acc_y_3",-0.000362500778379144
"body_acc_y_4",-0.000410986178388484
"body_acc_y_5",-9.82844113508108e-05
"body_acc_y_6",0.000161701289093407
"body_acc_y_7",0.000502007837147199
"body_acc_y_8",5.44244770974366e-05
"body_acc_y_9",-0.000592852022285853
"body_acc_y_10",-0.00111975114393261
"body_acc_y_11",-0.00160094721908253
"body_acc_y_12",-0.00129656730885154
"body_acc_y_13",-0.00159148904903232
"body_acc_y_14",-0.0026713313618028
"body_acc_y_15",-0.00294652317144206
"body_acc_y_16",-0.0023150098036254
"body_acc_y_17",-0.00120799206561423
"body_acc_y_18",-0.000623136631389523
"body_acc_y_19",-0.00085718452786321
"body_acc_y_20",-0.00108525332534807
"body_acc_y_21",-0.00137763934874619
"body_acc_y_22",-0.00166157470422565
"body_acc_y_23",-0.00150279222006583
"body_acc_y_24",-0.00109905947068482
"body_acc_y_25",-0.000566420485876396
"body_acc_y_26",-0.000161014144996796
"body_acc_y_27",-0.000362779592451792
"body_acc_y_28",-0.00109709842077171
"body_acc_y_29",-0.00167396115043776
"body_acc_y_30",-0.00137294573693793
"body_acc_y_31",-0.000685412551218953
"body_acc_y_32",-0.000416358477466977
"body_acc_y_33",-0.000437593976999709
"body_acc_y_34",-0.000737359704228896
"body_acc_y_35",-0.00106022918708865
"body_acc_y_36",-0.00108576765182018
"body_acc_y_37",-0.000792718172527818
"body_acc_y_38",-0.000196169476965725
"body_acc_y_39",-9.53068783403242e-05
"body_acc_y_40",-0.000145090847813186
"body_acc_y_41",0.00055642451315818
"body_acc_y_42",0.00131209661469238
"body_acc_y_43",0.00147329569765278
"body_acc_y_44",0.00121690571593803
"body_acc_y_45",0.00195497034945587
"body_acc_y_46",0.00317337933627653
"body_acc_y_47",0.00259178217613797
"body_acc_y_48",0.00183289618557108
"body_acc_y_49",0.00182328481915662
"body_acc_y_50",0.00119346595061967
"body_acc_y_51",0.000821391689755132
"body_acc_y_52",0.000554955978430333
"body_acc_y_53",-0.000423765171523633
"body_acc_y_54",-0.0010440499541671
"body_acc_y_55",-0.000799881507283717
"body_acc_y_56",-0.000446230431611088
"body_acc_y_57",-7.70204354811536e-05
"body_acc_y_58",0.000324336946324595
"body_acc_y_59",-0.000105813674026614
"body_acc_y_60",-0.000415338659224915
"body_acc_y_61",-0.000264912817153122
"body_acc_y_62",-0.000891513490910486
"body_acc_y_63",-0.00159645026805476
"body_acc_y_64",-0.00245101406113408
"body_acc_y_65",-0.00305556329398446
"body_acc_y_66",-0.00270571268861278
"body_acc_y_67",-0.00258110092901688
"body_acc_y_68",-0.00228047276604835
"body_acc_y_69",-0.00188570974049733
"body_acc_y_70",-0.00141552638185814
"body_acc_y_71",-0.000462887585030197
"body_acc_y_72",-0.000395287800862948
"body_acc_y_73",-0.000654548254001554
"body_acc_y_74",-0.000903077195631809
"body_acc_y_75",-0.00110818247126721
"body_acc_y_76",-0.000354797759480726
"body_acc_y_77",-0.000313067341729671
"body_acc_y_78",-0.00107598099517691
"body_acc_y_79",-0.00123439734155256
"body_acc_y_80",-0.000974810656101952
"body_acc_y_81",-0.000265100760621517
"body_acc_y_82",7.11280971821828e-05
"body_acc_y_83",-0.000105690811050413
"body_acc_y_84",-0.000187596778089795
"body_acc_y_85",-0.000767994467914361
"body_acc_y_86",-0.00120160019030401
"body_acc_y_87",-0.000883008387721915
"body_acc_y_88",-0.000418824905872706
"body_acc_y_89",0.000108172889382076
"body_acc_y_90",0.000201136115991844
"body_acc_y_91",-0.000506518881014565
"body_acc_y_92",-0.00127378539012311
"body_acc_y_93",-0.00136009405680702
"body_acc_y_94",-0.000687214006714215
"body_acc_y_95",2.71851387315272e-05
"body_acc_y_96",0.000332081227460686
"body_acc_y_97",0.000172781571715701
"body_acc_y_98",-0.00063466626606587
"body_acc_y_99",-0.00135162912302427
"body_acc_y_100",-0.00138273953089644
"body_acc_y_101",-0.0006991794863913
"body_acc_y_102",0.000545233743153704
"body_acc_y_103",0.000976103944584232
"body_acc_y_104",0.000748223044735508
"body_acc_y_105",0.00113708970825324
"body_acc_y_106",0.00150289976322175
"body_acc_y_107",0.00133347658677114
"body_acc_y_108",0.00108371915951411
"body_acc_y_109",0.00193638098609117
"body_acc_y_110",0.00324695431968084
"body_acc_y_111",0.00283953267540198
"body_acc_y_112",0.00218015191015231
"body_acc_y_113",0.00219088782017128
"body_acc_y_114",0.00172675244547966
"body_acc_y_115",0.0013985983656091
"body_acc_y_116",0.0007571801533545
"body_acc_y_117",-0.000479613961545966
"body_acc_y_118",-0.000995513140862122
"body_acc_y_119",-0.000686132724637635
"body_acc_y_120",-0.000352749431565647
"body_acc_y_121",-6.0118563734382e-05
"body_acc_y_122",0.000416358611333916
"body_acc_y_123",0.000278410526948238
"body_acc_y_124",-0.000111808744044121
"body_acc_y_125",-0.000330802891513836
"body_acc_y_126",-0.00122130423341879
"body_acc_y_127",-0.00197718472313526
"body_acc_y_128",-0.00250994157553956
"body_acc_z_1",0.00345631551137466
"body_acc_z_2",0.00311715476396679
"body_acc_z_3",0.00333041421670026
"body_acc_z_4",0.00350730985126702
"body_acc_z_5",0.00353277764211551
"body_acc_z_6",0.0041789816843723
"body_acc_z_7",0.0044849152705954
"body_acc_z_8",0.004250218421077
"body_acc_z_9",0.00391134067118
"body_acc_z_10",0.00353478103231956
"body_acc_z_11",0.00366458918760462
"body_acc_z_12",0.00400994665383367
"body_acc_z_13",0.00406673470264463
"body_acc_z_14",0.00374658852165832
"body_acc_z_15",0.00302333262741179
"body_acc_z_16",0.00269226085319837
"body_acc_z_17",0.00258977531507282
"body_acc_z_18",0.00225388136018623
"body_acc_z_19",0.00188383111267715
"body_acc_z_20",0.00112694188357365
"body_acc_z_21",0.00063476734227392
"body_acc_z_22",0.00026412451207493
"body_acc_z_23",-0.000362687377377881
"body_acc_z_24",-0.00041354470231272
"body_acc_z_25",-0.000822185719006933
"body_acc_z_26",-0.00105913143020772
"body_acc_z_27",-0.000360191219048451
"body_acc_z_28",-0.000607207816230508
"body_acc_z_29",-0.00153451283443752
"body_acc_z_30",-0.00196346759728896
"body_acc_z_31",-0.00166775997439693
"body_acc_z_32",-0.00109724279833372
"body_acc_z_33",-0.00124513025749997
"body_acc_z_34",-0.0016428946971638
"body_acc_z_35",-0.00214437857611488
"body_acc_z_36",-0.0024045019057425
"body_acc_z_37",-0.00192737356634799
"body_acc_z_38",-0.00192124342689031
"body_acc_z_39",-0.00244834387570813
"body_acc_z_40",-0.00309367742053347
"body_acc_z_41",-0.003181490307244
"body_acc_z_42",-0.00212012200201662
"body_acc_z_43",-0.0015357504827665
"body_acc_z_44",-0.00145628998394067
"body_acc_z_45",-0.0014411791572236
"body_acc_z_46",-0.00226597360823169
"body_acc_z_47",-0.00288647523513757
"body_acc_z_48",-0.00273893172510885
"body_acc_z_49",-0.00246676585932324
"body_acc_z_50",-0.00234517021414084
"body_acc_z_51",-0.00237436480235014
"body_acc_z_52",-0.00268608550892044
"body_acc_z_53",-0.00299803315838813
"body_acc_z_54",-0.00224188594504991
"body_acc_z_55",-0.000860651434646529
"body_acc_z_56",0.000375264620402758
"body_acc_z_57",0.000548461139688999
"body_acc_z_58",-0.000504700852993689
"body_acc_z_59",-0.000341501910801971
"body_acc_z_60",0.000387531946606117
"body_acc_z_61",0.000507542002701039
"body_acc_z_62",0.000954938947691329
"body_acc_z_63",0.000782255006542286
"body_acc_z_64",0.000539837617644325
"body_acc_z_65",0.000540369689908496
"body_acc_z_66",0.000168073893646373
"body_acc_z_67",0.000458564067850568
"body_acc_z_68",0.000747852871917565
"body_acc_z_69",0.000621015221671774
"body_acc_z_70",0.000644896210599116
"body_acc_z_71",0.000615230650919507
"body_acc_z_72",0.000652062077854355
"body_acc_z_73",0.000475413302466434
"body_acc_z_74",0.00032001661993778
"body_acc_z_75",0.000672117382163317
"body_acc_z_76",0.000999445854344402
"body_acc_z_77",0.00111648839015506
"body_acc_z_78",0.000965053277324886
"body_acc_z_79",0.00077545663764482
"body_acc_z_80",0.00107822810377609
"body_acc_z_81",0.00110954475847704
"body_acc_z_82",0.000612628446592679
"body_acc_z_83",0.00023315396609399
"body_acc_z_84",-6.21455463943101e-05
"body_acc_z_85",-9.17852359783377e-05
"body_acc_z_86",-0.000442514014591737
"body_acc_z_87",-0.00110763855455868
"body_acc_z_88",-0.00125201836692288
"body_acc_z_89",-0.00193902866041872
"body_acc_z_90",-0.00242420919117102
"body_acc_z_91",-0.0017262110025216
"body_acc_z_92",-0.00175845955236411
"body_acc_z_93",-0.00239657317922633
"body_acc_z_94",-0.00239290275217225
"body_acc_z_95",-0.00177147227645927
"body_acc_z_96",-0.00113700130177775
"body_acc_z_97",-0.0013457537158736
"body_acc_z_98",-0.00186570831299379
"body_acc_z_99",-0.00217242361403856
"body_acc_z_100",-0.0020361168853444
"body_acc_z_101",-0.00126084205407787
"body_acc_z_102",-0.00093361120746221
"body_acc_z_103",-0.00118787741826274
"body_acc_z_104",-0.00149488513702439
"body_acc_z_105",-0.00159143023704204
"body_acc_z_106",-0.00112312081610537
"body_acc_z_107",-0.000676085396036722
"body_acc_z_108",-0.000376567714346538
"body_acc_z_109",-0.000532332994277687
"body_acc_z_110",-0.00150191602513625
"body_acc_z_111",-0.00214430079384327
"body_acc_z_112",-0.00206835422341354
"body_acc_z_113",-0.00146537093675308
"body_acc_z_114",-0.000826558973348527
"body_acc_z_115",-0.000987128768669201
"body_acc_z_116",-0.00155004197420542
"body_acc_z_117",-0.00152987548821772
"body_acc_z_118",-0.000672003002350811
"body_acc_z_119",0.000136774481583163
"body_acc_z_120",0.000557843314328381
"body_acc_z_121",0.000203681319516167
"body_acc_z_122",-0.000879839907486358
"body_acc_z_123",-0.000792801976761288
"body_acc_z_124",-0.000244964751387863
"body_acc_z_125",-0.000139906121596776
"body_acc_z_126",0.000204796070622682
"body_acc_z_127",-0.000105297967489174
"body_acc_z_128",-0.000203200754310234
"body_gyro_x_1",-0.00684930354596844
"body_gyro_x_2",-0.00520223191885853
"body_gyro_x_3",-0.00609281478993041
"body_gyro_x_4",-0.00710169710149141
"body_gyro_x_5",-0.00695549875961753
"body_gyro_x_6",-0.00722378609375533
"body_gyro_x_7",-0.00743865305561899
"body_gyro_x_8",-0.00764115366111874
"body_gyro_x_9",-0.00691868932241479
"body_gyro_x_10",-0.00492735593498673
"body_gyro_x_11",-0.00450844769128119
"body_gyro_x_12",-0.00525273859280707
"body_gyro_x_13",-0.00482128156384404
"body_gyro_x_14",-0.00356790322879776
"body_gyro_x_15",-0.0025692123841197
"body_gyro_x_16",-0.00232699334842732
"body_gyro_x_17",-0.00312917032284062
"body_gyro_x_18",-0.00381780177346889
"body_gyro_x_19",-0.00338773371168754
"body_gyro_x_20",-0.00357257880144665
"body_gyro_x_21",-0.00376064343882628
"body_gyro_x_22",-0.0019046636515486
"body_gyro_x_23",-5.69424332894455e-05
"body_gyro_x_24",0.000133877575812621
"body_gyro_x_25",-0.0014235757011639
"body_gyro_x_26",-0.00397100794872939
"body_gyro_x_27",-0.00474360883314497
"body_gyro_x_28",-0.00306397578838047
"body_gyro_x_29",-0.000601158672385834
"body_gyro_x_30",0.000379670871826585
"body_gyro_x_31",-0.00122263285776842
"body_gyro_x_32",-0.00281167253411556
"body_gyro_x_33",-0.00265607126732566
"body_gyro_x_34",-0.0024052672409748
"body_gyro_x_35",-0.00290806796886669
"body_gyro_x_36",-0.00395259400791378
"body_gyro_x_37",-0.00515710889960889
"body_gyro_x_38",-0.00506957359651694
"body_gyro_x_39",-0.00373568955974735
"body_gyro_x_40",-0.00269966021356646
"body_gyro_x_41",-0.00234211101844024
"body_gyro_x_42",-0.00316536763161569
"body_gyro_x_43",-0.00418248180019303
"body_gyro_x_44",-0.00281290631135793
"body_gyro_x_45",-0.00093576838999534
"body_gyro_x_46",-0.00176426156177602
"body_gyro_x_47",-0.00320728891423271
"body_gyro_x_48",-0.00399486985703942
"body_gyro_x_49",-0.00543927795246354
"body_gyro_x_50",-0.00549499074883537
"body_gyro_x_51",-0.00487086645506309
"body_gyro_x_52",-0.00630975332890397
"body_gyro_x_53",-0.00713350615585251
"body_gyro_x_54",-0.00678845672829579
"body_gyro_x_55",-0.0060947045361718
"body_gyro_x_56",-0.00421042460276075
"body_gyro_x_57",-0.00395753199564277
"body_gyro_x_58",-0.00519020813580169
"body_gyro_x_59",-0.00523713189641111
"body_gyro_x_60",-0.00535121997571176
"body_gyro_x_61",-0.00642519722034836
"body_gyro_x_62",-0.00795978372903156
"body_gyro_x_63",-0.00853560602558297
"body_gyro_x_64",-0.00700582073817242
"body_gyro_x_65",-0.00444508763694718
"body_gyro_x_66",-0.00285542224027663
"body_gyro_x_67",-0.00336482969626112
"body_gyro_x_68",-0.00414756760342237
"body_gyro_x_69",-0.00445776422313437
"body_gyro_x_70",-0.00516514120634878
"body_gyro_x_71",-0.00510541502172454
"body_gyro_x_72",-0.00473226225238294
"body_gyro_x_73",-0.00420947123577579
"body_gyro_x_74",-0.00273887313994643
"body_gyro_x_75",-0.00259257652149383
"body_gyro_x_76",-0.00354919479207496
"body_gyro_x_77",-0.00286008588528496
"body_gyro_x_78",-0.00178858927787728
"body_gyro_x_79",-0.00182185091924544
"body_gyro_x_80",-0.00181897341666696
"body_gyro_x_81",-0.00207074610122172
"body_gyro_x_82",-0.00228826540334946
"body_gyro_x_83",-0.00145625671814836
"body_gyro_x_84",-0.00152769401421837
"body_gyro_x_85",-0.00172032380765297
"body_gyro_x_86",0.000318850163280027
"body_gyro_x_87",0.00193540590007108
"body_gyro_x_88",0.00128654815156172
"body_gyro_x_89",-0.000678783515209341
"body_gyro_x_90",-0.00277197744752345
"body_gyro_x_91",-0.00304938182092456
"body_gyro_x_92",-0.00132168945730076
"body_gyro_x_93",0.000687128500237722
"body_gyro_x_94",0.000868055373202447
"body_gyro_x_95",-0.0016773796657624
"body_gyro_x_96",-0.00446659844497292
"body_gyro_x_97",-0.00491825547770628
"body_gyro_x_98",-0.00386766096607239
"body_gyro_x_99",-0.00276544703874046
"body_gyro_x_100",-0.00238061363269677
"body_gyro_x_101",-0.00355835708214409
"body_gyro_x_102",-0.00433181639161064
"body_gyro_x_103",-0.00305919830584724
"body_gyro_x_104",-0.00165155940573366
"body_gyro_x_105",-0.000747280099728712
"body_gyro_x_106",-0.000760339807627925
"body_gyro_x_107",-0.00137813450760851
"body_gyro_x_108",0.000271651492470599
"body_gyro_x_109",0.00264115296437596
"body_gyro_x_110",0.00206196745530817
"body_gyro_x_111",-0.000225047546700622
"body_gyro_x_112",-0.00257848454234673
"body_gyro_x_113",-0.00478802900169259
"body_gyro_x_114",-0.00525441591805831
"body_gyro_x_115",-0.00510036663521272
"body_gyro_x_116",-0.00630081006718439
"body_gyro_x_117",-0.00659546810922565
"body_gyro_x_118",-0.00574415229279816
"body_gyro_x_119",-0.00409604484695343
"body_gyro_x_120",-0.00103232888929061
"body_gyro_x_121",-0.000379432705942217
"body_gyro_x_122",-0.00212996118967449
"body_gyro_x_123",-0.00301817848377105
"body_gyro_x_124",-0.00360881212429026
"body_gyro_x_125",-0.00391968907066489
"body_gyro_x_126",-0.00421588693153976
"body_gyro_x_127",-0.00403412527099796
"body_gyro_x_128",-0.00224952063629457
"body_gyro_y_1",0.00811332735835722
"body_gyro_y_2",0.0100843408094898
"body_gyro_y_3",0.0109538960267279
"body_gyro_y_4",0.00961010364842451
"body_gyro_y_5",0.00869401590471832
"body_gyro_y_6",0.00726151984729071
"body_gyro_y_7",0.0042734322467658
"body_gyro_y_8",0.00220808179515866
"body_gyro_y_9",0.00177184496705634
"body_gyro_y_10",0.00364837239036363
"body_gyro_y_11",0.00559151057868796
"body_gyro_y_12",0.00248587899632081
"body_gyro_y_13",-0.0020807255142609
"body_gyro_y_14",-0.00449780279979464
"body_gyro_y_15",-0.00546520715697602
"body_gyro_y_16",-0.00308484037430751
"body_gyro_y_17",-0.00222776723094844
"body_gyro_y_18",-0.00583509557929983
"body_gyro_y_19",-0.00783949806672359
"body_gyro_y_20",-0.00738089227151809
"body_gyro_y_21",-0.00629781508123124
"body_gyro_y_22",-0.00587302919230071
"body_gyro_y_23",-0.00620610888092776
"body_gyro_y_24",-0.00547470382297102
"body_gyro_y_25",-0.00489342337477755
"body_gyro_y_26",-0.00433343540019711
"body_gyro_y_27",-0.00468364492039926
"body_gyro_y_28",-0.00664132825812336
"body_gyro_y_29",-0.00603155616989145
"body_gyro_y_30",-0.00359109326692553
"body_gyro_y_31",-0.00215632422902107
"body_gyro_y_32",-0.00316766440507661
"body_gyro_y_33",-0.00729500675950257
"body_gyro_y_34",-0.00935737379620633
"body_gyro_y_35",-0.00672301293463161
"body_gyro_y_36",-0.00239334829721818
"body_gyro_y_37",0.000261550013846102
"body_gyro_y_38",-0.00209223620308117
"body_gyro_y_39",-0.00654955547326187
"body_gyro_y_40",-0.00632457386775308
"body_gyro_y_41",-0.00354347844427576
"body_gyro_y_42",-0.00278065943756821
"body_gyro_y_43",-0.00190549241673722
"body_gyro_y_44",-0.00146958012182474
"body_gyro_y_45",-0.00125272563222915
"body_gyro_y_46",0.00172430632057578
"body_gyro_y_47",0.00443804583556404
"body_gyro_y_48",0.00595306251796301
"body_gyro_y_49",0.00575577656694417
"body_gyro_y_50",0.00228184001050572
"body_gyro_y_51",0.000701573957330954
"body_gyro_y_52",0.00356523547838858
"body_gyro_y_53",0.00885142440286117
"body_gyro_y_54",0.0140368005527611
"body_gyro_y_55",0.015273095216234
"body_gyro_y_56",0.0116975273397829
"body_gyro_y_57",0.00754896017918361
"body_gyro_y_58",0.00688935409107175
"body_gyro_y_59",0.00683361600597767
"body_gyro_y_60",0.00528216263485173
"body_gyro_y_61",0.00471971911947616
"body_gyro_y_62",0.00410218870446344
"body_gyro_y_63",0.00269864224128381
"body_gyro_y_64",0.00189206811092669
"body_gyro_y_65",0.00224808033985086
"body_gyro_y_66",0.00390972468028818
"body_gyro_y_67",0.00459430375537246
"body_gyro_y_68",0.00341750275070531
"body_gyro_y_69",0.00261285296049073
"body_gyro_y_70",0.00185654283352102
"body_gyro_y_71",0.000256384920973007
"body_gyro_y_72",-0.00119236408884756
"body_gyro_y_73",-0.00189291150632652
"body_gyro_y_74",-0.000253270280667541
"body_gyro_y_75",0.00162906192713635
"body_gyro_y_76",-0.000595738942815031
"body_gyro_y_77",-0.00325593401205389
"body_gyro_y_78",-0.00360956744683513
"body_gyro_y_79",-0.00332592965627983
"body_gyro_y_80",-0.00200065026022653
"body_gyro_y_81",-0.00304853789677425
"body_gyro_y_82",-0.00653571991541985
"body_gyro_y_83",-0.00643903977624499
"body_gyro_y_84",-0.00438702177751964
"body_gyro_y_85",-0.00453042491183227
"body_gyro_y_86",-0.00551331467278425
"body_gyro_y_87",-0.00520357159152491
"body_gyro_y_88",-0.0041858889255334
"body_gyro_y_89",-0.00382897698834695
"body_gyro_y_90",-0.00340579355976891
"body_gyro_y_91",-0.00328753092564346
"body_gyro_y_92",-0.00395899199481042
"body_gyro_y_93",-0.00371355162467929
"body_gyro_y_94",-0.00247823870694009
"body_gyro_y_95",-0.00174359376381571
"body_gyro_y_96",-0.00340161341683018
"body_gyro_y_97",-0.00716631692845393
"body_gyro_y_98",-0.00907304369815681
"body_gyro_y_99",-0.00650045665853646
"body_gyro_y_100",-0.00171047593466744
"body_gyro_y_101",0.000681372742163414
"body_gyro_y_102",-0.00147806091555287
"body_gyro_y_103",-0.00554384508936538
"body_gyro_y_104",-0.00611436430617652
"body_gyro_y_105",-0.00397214837159394
"body_gyro_y_106",-0.00289483510511263
"body_gyro_y_107",-0.00136623736502317
"body_gyro_y_108",-0.000907310135088163
"body_gyro_y_109",-0.00100913560279425
"body_gyro_y_110",0.00202170457409098
"body_gyro_y_111",0.00484691697990582
"body_gyro_y_112",0.0062579616965318
"body_gyro_y_113",0.00521006255774765
"body_gyro_y_114",0.000576142066385416
"body_gyro_y_115",-0.0012451875973763
"body_gyro_y_116",0.00131036887842257
"body_gyro_y_117",0.00421183123484797
"body_gyro_y_118",0.00581826377113572
"body_gyro_y_119",0.00537303045314823
"body_gyro_y_120",0.00305932766233754
"body_gyro_y_121",0.00151316301127022
"body_gyro_y_122",0.00249861030792096
"body_gyro_y_123",0.00238292799344247
"body_gyro_y_124",0.000790591144682785
"body_gyro_y_125",0.000811384976032139
"body_gyro_y_126",0.000641620420625012
"body_gyro_y_127",0.000211949743992495
"body_gyro_y_128",0.000308065944237693
"body_gyro_z_1",0.00405989646373711
"body_gyro_z_2",0.00368121635921783
"body_gyro_z_3",0.00391062995416613
"body_gyro_z_4",0.00422209946494834
"body_gyro_z_5",0.00438124027428158
"body_gyro_z_6",0.00480890163732158
"body_gyro_z_7",0.00484053721242156
"body_gyro_z_8",0.0054631343909277
"body_gyro_z_9",0.00636713260779688
"body_gyro_z_10",0.00586140462917507
"body_gyro_z_11",0.00529677288978716
"body_gyro_z_12",0.0049643593636955
"body_gyro_z_13",0.0050390781125185
"body_gyro_z_14",0.00499816651756831
"body_gyro_z_15",0.00270419329578979
"body_gyro_z_16",0.000142421397162151
"body_gyro_z_17",-0.00140228013751821
"body_gyro_z_18",-0.0024587336025985
"body_gyro_z_19",-0.00302355085219604
"body_gyro_z_20",-0.00379152371544326
"body_gyro_z_21",-0.00361185294098889
"body_gyro_z_22",-0.00309410414244936
"body_gyro_z_23",-0.00296753031817351
"body_gyro_z_24",-0.00237335342204064
"body_gyro_z_25",-0.00300397638554388
"body_gyro_z_26",-0.00405788535704107
"body_gyro_z_27",-0.00353024629424779
"body_gyro_z_28",-0.00238170394308464
"body_gyro_z_29",-0.00157013518792048
"body_gyro_z_30",-0.00178949412767977
"body_gyro_z_31",-0.00268419647554131
"body_gyro_z_32",-0.00293775667259289
"body_gyro_z_33",-0.00227619806145949
"body_gyro_z_34",-0.00174404452264084
"body_gyro_z_35",-0.00179194723447063
"body_gyro_z_36",-0.00124806395025019
"body_gyro_z_37",-0.000817535778492087
"body_gyro_z_38",-0.00176282300558734
"body_gyro_z_39",-0.00260344559044894
"body_gyro_z_40",-0.00306640519104486
"body_gyro_z_41",-0.00386747247342963
"body_gyro_z_42",-0.0037988713001571
"body_gyro_z_43",-0.00255073855692128
"body_gyro_z_44",-0.00103074012683853
"body_gyro_z_45",0.000599337487670259
"body_gyro_z_46",0.00263206741247122
"body_gyro_z_47",0.00430557743795498
"body_gyro_z_48",0.00391711459613186
"body_gyro_z_49",0.00237429462298325
"body_gyro_z_50",0.00234432580567937
"body_gyro_z_51",0.00406193043722721
"body_gyro_z_52",0.00513897852253685
"body_gyro_z_53",0.00371278983264816
"body_gyro_z_54",0.00160713426979454
"body_gyro_z_55",0.000997768285731537
"body_gyro_z_56",0.00139124789286076
"body_gyro_z_57",0.00226241705248727
"body_gyro_z_58",0.00303024406721682
"body_gyro_z_59",0.00316141361675917
"body_gyro_z_60",0.00318947368444057
"body_gyro_z_61",0.00349098073153559
"body_gyro_z_62",0.00387741062256531
"body_gyro_z_63",0.00413573121961314
"body_gyro_z_64",0.00418274384525928
"body_gyro_z_65",0.00350025879194179
"body_gyro_z_66",0.00271713824772448
"body_gyro_z_67",0.00316812397706224
"body_gyro_z_68",0.00361293132235615
"body_gyro_z_69",0.00364182504952772
"body_gyro_z_70",0.00418328935986455
"body_gyro_z_71",0.00442394617232999
"body_gyro_z_72",0.00475887798247173
"body_gyro_z_73",0.00492672281038811
"body_gyro_z_74",0.00398383129602622
"body_gyro_z_75",0.00316555754610768
"body_gyro_z_76",0.00231344430312593
"body_gyro_z_77",0.00170353663028818
"body_gyro_z_78",0.00132138919821352
"body_gyro_z_79",-0.000685456243805904
"body_gyro_z_80",-0.00279543982460695
"body_gyro_z_81",-0.00334038947301185
"body_gyro_z_82",-0.00308971191351024
"body_gyro_z_83",-0.00319901553253199
"body_gyro_z_84",-0.00344132086125353
"body_gyro_z_85",-0.00222069188447273
"body_gyro_z_86",-0.00133797021798757
"body_gyro_z_87",-0.00150459685327401
"body_gyro_z_88",-0.000836659594002874
"body_gyro_z_89",-0.000636553868053831
"body_gyro_z_90",-0.000675437902760074
"body_gyro_z_91",0.000503577065277794
"body_gyro_z_92",0.0015651436088136
"body_gyro_z_93",0.00173571030751248
"body_gyro_z_94",0.00127361188339217
"body_gyro_z_95",0.000544673254509176
"body_gyro_z_96",0.000260908955847733
"body_gyro_z_97",0.000826171336923847
"body_gyro_z_98",0.00100679767822332
"body_gyro_z_99",-0.000246873065995359
"body_gyro_z_100",-0.000789361829486426
"body_gyro_z_101",-0.000404499227026313
"body_gyro_z_102",-0.00126652803238994
"body_gyro_z_103",-0.00194312956526397
"body_gyro_z_104",-0.00178880477810185
"body_gyro_z_105",-0.00219401508350828
"body_gyro_z_106",-0.00218739818074745
"body_gyro_z_107",-0.00138702822856222
"body_gyro_z_108",-0.000539024392622197
"body_gyro_z_109",0.000467698373222837
"body_gyro_z_110",0.00183866394713866
"body_gyro_z_111",0.00285674472920947
"body_gyro_z_112",0.00196715102579882
"body_gyro_z_113",-0.000121275791036553
"body_gyro_z_114",-0.000626995400845538
"body_gyro_z_115",0.000833131426559181
"body_gyro_z_116",0.00136497541995427
"body_gyro_z_117",-0.000291462405801014
"body_gyro_z_118",-0.00138726915480493
"body_gyro_z_119",-0.00056440920014282
"body_gyro_z_120",0.00108030646415322
"body_gyro_z_121",0.00277178632690644
"body_gyro_z_122",0.00345183134195
"body_gyro_z_123",0.0033118951440191
"body_gyro_z_124",0.00350045087793508
"body_gyro_z_125",0.00391417093533401
"body_gyro_z_126",0.00411669084999224
"body_gyro_z_127",0.00398287681592249
"body_gyro_z_128",0.00367953422059766
